{
  "project_info": {
    "project_number": "204796949431",
    "firebase_url": "https://instantchat-66091-default-rtdb.firebaseio.com",
    "project_id": "instantchat-66091",
    "storage_bucket": "instantchat-66091.appspot.com"
  },
  "client": [
    {
      "client_info": {
        "mobilesdk_app_id": "1:204796949431:android:8b3f79c75f2559c452ee32",
        "android_client_info": {
          "package_name": "black.b6a.instantchat"
        }
      },
      "oauth_client": [
        {
          "client_id": "204796949431-ma76a505vq0bsfhvlf80lv3e9c671515.apps.googleusercontent.com",
          "client_type": 3
        }
      ],
      "api_key": [
        {
          "current_key": "AIzaSyAS4ptyTHqvFh0tviMbWV9gzIr7bMo0eCY"
        }
      ],
      "services": {
        "appinvite_service": {
          "other_platform_oauth_client": [
            {
              "client_id": "204796949431-ma76a505vq0bsfhvlf80lv3e9c671515.apps.googleusercontent.com",
              "client_type": 3
            }
          ]
        }
      }
    }
  ],
  "configuration_version": "1"
}